Name,WOD 1,WOD 2,WOD 3
ANTHONY KURZ,379.0,35.0,296.0
HEATH MOODY,351.0,41.0,285.0
RAMON LUIS BENITEZ,412.0,34.0,315.0
DAVID JOHNSTON,398.0,30.0,295.0
ROBERT SMITH,442.0,33.0,310.0
VLAD LIASHKEVICH,391.0,30.0,287.0
JEB  SIMMONS,404.0,31.0,277.0
JEREMIAH  HEAD,349.0,30.0,277.0
ROBERT HENRY,361.0,28.0,309.2
ART HAMILTON,469.0,37.0,297.0
MIKE KERN,393.0,34.0,267.0
BRIAN PIRONE,485.0,40.0,330.0
NICK DESCHENES ,455.0,32.0,287.0
ANDRE NESS,463.0,35.0,285.0
ROBBY  MCCORD,393.0,29.0,285.0
CHAD GONZALES,431.0,31.0,280.0
CHRIS  DAWES ,412.0,31.0,275.0
BYRON JARRIN,417.0,30.0,281.0
JOEL HUGHES,426.0,35.0,267.0
PETE  HOWE ,406.0,28.0,286.0
BRIAN YOAK,439.0,30.0,278.0
JARY JACKSON,413.0,30.0,275.0
JUSTIN  LASALA,386.0,29.0,275.0
JEFF  DIPERNA,406.0,30.0,267.0
MATT MORRIS,431.0,32.0,265.0
MIKE RATNOFSKY,346.0,30.0,258.0
DANNY HALE,526.0,35.0,277.0
ANTHONY  FAZIO ,481.0,29.0,291.0
DJ FORSYTH ,469.0,29.0,287.0
STEFANO FABBRINI,448.0,30.0,269.0
REAGAN PAYNE,446.0,29.0,275.0
JEB BUFFINGTON,445.0,27.0,285.0
TRAVIS LOGSDON,529.0,32.0,275.0
MARCELO RIELA,411.0,29.0,260.0
RYAN RETTKE,468.0,31.0,265.0
LAWRENCE JACOBS,427.0,26.0,285.0
TYSON STOLL,446.0,30.0,265.0
IGNACIO FRANCO,410.0,27.0,270.0
TIAGO LOPES,448.0,29.0,267.0
JOSH KOLMETZ,462.0,28.0,276.0
RICKY BEGNOCHE,354.0,28.0,251.0
ANGEL CARDENAS,409.0,27.0,260.0
ANTHONY GALLET,349.0,30.0,240.0
CHRIS RAIA,442.0,29.0,257.0
PETER KAZANAS,419.0,25.0,275.0
KEITH BUSSOM ,533.0,30.0,270.0
SHAWN METCALF,448.0,26.0,275.0
GARY GONZALEZ,469.0,32.0,245.0
ERIC SPEISER ,534.0,28.0,285.0
JAMES THOMPSON,418.0,27.0,255.0
MANUEL PINEDA,478.0,26.0,277.5
DAVID  HAMEL,388.0,31.0,225.0
CHRIS  SCOTT,451.0,24.0,282.0
ROBERT  SANTORO ,564.0,29.0,277.0
SEAN SEVERIN,466.0,30.0,247.0
MICHAEL HALL,527.0,33.0,245.0
RYAN HATLEY,718.0,30.0,285.0
DAVID SMITH,594.0,30.0,267.0
DALE BARR,449.0,28.0,247.0
ADAM JANESE,458.0,29.0,245.0
TONY DAVIS,622.0,32.0,255.0
JD ST JEAN,817.0,30.0,295.0
LIEF  LARSON,586.0,30.0,255.0
JON CAPOBIANCO,565.0,29.0,260.0
JAVIER  DE LA TORRE ANDERSON,578.0,28.0,266.0
TONY LORUSSO,521.0,28.0,255.0
JASON  TOMLINSON,445.0,27.0,243.0
FOSTER KAALINAGY,593.0,31.0,247.0
CLAUDIO FISCHETTI,452.0,23.0,264.55
MATTHEW ZALANSKY,483.0,30.0,237.0
TODD ROSELLE,459.0,24.0,255.0
DON ZUEHLKE,696.0,26.0,290.0
JOSEPH RENZI,507.0,24.0,265.0
PATRICK DI DODO,600.0,29.0,255.0
TOM FUGIEL,508.0,29.0,242.0
JUAN CARLOS MARTINEZ,660.0,30.0,255.0
IVAN  SANCHEZ,428.0,25.0,235.0
VINCE VOISIN,611.0,29.0,248.0
MATT  KAMINSKI,498.0,25.0,245.0
BRANDON  BUCK,430.0,27.0,222.0
JAMES  JACKSON,592.0,27.0,245.0
CHRISTOPHER MEOLI,536.0,25.0,245.0
NUMA KWAN,548.0,27.0,242.0
GUILLERMO RODRIGUEZ,452.0,23.0,240.0
TCHE .,535.0,27.0,285.0
JUSTIN LAWRENCE,482.0,25.0,237.0
RUDY  LEINBOCK,486.0,27.0,225.0
DAVID BOZAK,537.0,21.0,260.0
DAVE PALFREMAN ,535.0,25.0,242.5
EAZY SWARTHOUT ,600.0,26.0,245.0
ERIC WRONA,589.0,28.0,235.0
TROY SMITH,488.0,25.0,235.0
TODD SUGG,927.0,24.0,305.0
MICHAEL DUFF,749.0,25.0,275.0
JP BOLWAHNN,586.0,23.0,255.0
SCOTT VANHOOZER,646.0,25.0,255.0
CLINT GUYMON,590.0,27.0,237.0
RICARDO  MORALES ,651.0,24.0,260.0
JONATHAN CARDONA,410.0,24.0,205.0
JASON  HOLBROOK ,545.0,23.0,245.0
CHRIS SILVERTHORN,589.0,22.0,255.0
STEVEN BROUGH,483.0,26.0,217.0
SEAN O'DAY,468.0,26.0,206.0
MATT PERRAUT,453.0,24.0,220.0
LEI KAAUAMO,491.0,23.0,235.0
JOSH TARNATE,665.0,24.0,255.0
DAVID WRAY,471.0,17.0,245.0
BRENDEN BARRETT,507.0,22.0,235.0
BEN BARBER,827.0,23.0,275.0
JIMMY TANAKA,780.0,26.0,247.5
HANS PETER AAVILD,561.0,21.0,243.0
MICHAEL CARRION,683.0,20.0,265.0
DAVE SHORT,482.0,20.0,235.0
GIO MURRU,518.0,19.0,240.0
JUAN A AFRE,720.0,24.0,250.0
MIKE MCCORKELL,608.0,26.0,225.0
MATT NIKODYM,543.0,22.0,235.0
ALEXIS DAVALLOPULOS,718.0,20.0,264.55
ALLEN BUENAVENTURA,531.0,23.0,225.0
OLIVIER LOCAS,592.0,24.0,227.0
JEREMY SMITH,706.0,23.0,245.0
RANDY COLON,763.0,27.0,237.0
IFEOLUWA TOGUN,539.0,23.0,225.0
COREY COSTELLO,631.0,21.0,245.0
ERIC WIRFS,633.0,21.0,245.0
RAFAEL FUENMAYOR,539.0,21.0,235.0
ERIC CHAPMAN,659.0,26.0,225.0
SHELDON WILLIAMS,567.0,18.0,240.0
CHRISTOPHER PEARCEY,491.0,22.0,207.5
SHAWN STUBBE,688.0,24.0,235.0
PETER RAY,720.0,26.0,230.0
MICHAEL CANZONERI,720.0,22.0,245.0
MIKE MOYERS,626.0,24.0,225.0
PIETER  VODDEN,500.0,20.0,215.0
WHIT GRAHAM,812.0,25.0,240.0
KEVIN DALTON,679.0,25.0,225.0
CASEY HAYWOOD,805.0,22.0,247.0
MATT AUXIER,718.0,20.0,245.0
RYAN MILES,587.0,23.0,210.0
TYLER LOWERY,605.0,22.0,225.0
JONATHAN  FENNELL ,687.0,19.0,242.0
SHAWN LEDFORD,721.0,20.0,245.0
TODD VITALE ,720.0,22.0,235.0
EDWIN RENTAS JR,720.0,21.0,236.0
BENJAMIN JOHNSON,653.0,16.0,235.4
BENNY ROCHA,870.0,18.0,255.0
RODOLFO DONOFRIO,602.0,16.0,226.0
MINI AMIL,673.0,20.0,227.25
RAMIRO SALAZAR W,595.0,18.0,225.0
BOBBY  GRIFFIN ,720.0,22.0,230.0
WILLIAM CROWDER,537.0,16.0,210.0
SKY VAN HORN,753.0,17.0,245.0
JEAN BOU YOUNES,583.0,15.0,215.0
MICHAEL ETHERIDGE,674.0,20.0,225.0
RYAN LETT,645.0,19.0,215.0
JOAN ABBOTT,836.0,22.0,232.0
JEREMY BEUSSINK,636.0,16.0,225.0
SHANNON RIDLEY,857.0,21.0,235.0
NICK DUSOE,748.0,18.0,235.0
BRIAN KINDL,645.0,19.0,205.0
JOSEPH PORTUGAL,679.0,17.0,215.0
FRANK SANCHEZ,760.0,19.0,225.0
MOISES NAVA,624.0,15.0,205.0
TY LEWIS,416.0,23.0,215.0
ALAN KOPMEYER,725.0,18.0,215.0
DOUGLAS HARTLEY,643.0,13.0,205.0
LEO HERNANDEZ,720.0,11.0,225.0
ROCCO STINZIANO,720.0,15.0,215.0
SEAN HALL,615.0,8.0,185.0
BARNABY GEHLCKEN,658.0,12.0,204.0
FREDDIE POYNOR,777.0,19.0,205.0
PAULO GONSALVES ,720.0,15.0,185.0
JESSE HOFFERT ,781.0,15.0,205.0
PAUL PERRONE,843.0,12.0,215.0
SERGIO FONSECA,871.0,15.0,210.0
ANDY ATKINS,844.0,16.0,205.0
NICOLAY DAZA,774.0,10.0,185.0
RAFI MIRANDA,813.0,10.0,200.0
WAYNE SMELSER,935.0,14.0,205.0
DELLOYD SMITH,525.0,7.0,215.0
JOSEPH COLLINS,837.0,10.0,200.0
SEAN BELLINGER,877.0,12.0,205.0
DARREN GARDNER,819.0,7.0,175.0
BEN EGGLESTON,876.0,11.0,177.5
TY JUNE,720.0,15.0,135.0
BRIAN BELIK,0,25.0,275.0
DAVID  MARMON,594.0,0,0
JAMES HASSIEPEN,720.0,0,0
JEREMY TUCKER,726.0,0,0
RYAN SCHUBERT,727.0,0,0
MICHAEL HUYNH,1020.0,0,0
ADAM WEAVER,0,0,0
AUSTIN  FRANCESCONE ,0,0,0
BENJAMIN BECK,0,0,0
BENJAMIN BECK,0,0,0
BRADLEY PRITCHARD,0,0,0
CARTER MAY,0,0,0
CEDRIC  LE DIUZET ,0,0,0
CHRISTOPHER ANDERSON,0,0,0
COREY LARSON,0,0,0
COUPILLET  STEEVE,0,0,0
DAVID AUTHEMENT ,0,0,0
DAVID BOSTON,0,0,0
DAVID WILKINSON ,0,0,0
DEYAN YORDANOV,0,0,0
EDDY RODRIGUEZ,0,0,0
EDI SILVERIO,0,0,0
EMMANUEL  ROLDAN,0,0,0
FERNANDO DE PAULA ,0,0,0
FRANCISCO CORDEIRO,0,0,0
GREG SCHELL ,0,0,0
JAMES MCGUFFEE,0,0,0
JASON GRUBB,0,0,0
JOHN EPPERLY,0,0,0
JONNY SHANNON,0,0,0
JORDAN  WOLK ,0,0,0
JOSH WOOD,0,0,0
JUAN  PÉREZ ,0,0,0
JUAN CARLOS SAINZ,0,0,0
JULIO MAXIMO,0,0,0
KEVIN WOODARD,0,0,0
KONRAD NIERWINSKI,0,0,0
LEONARDO  SOARES ,0,0,0
LIONEL HARMS,0,0,0
LON ROTHWELL,0,0,0
LUCA VOLPICELLA ,0,0,0
MATT O'KEEFE,0,0,0
MICHAEL ROBINSON,0,0,0
MIKE DUDEVOIR,0,0,0
PETE JOHANNSEN,0,0,0
PETER HOWE,0,0,0
RICCARDO BASSANI,0,0,0
RICKARD RASMUSSEN,0,0,0
ROLANDO DOMINGO,0,0,0
RON PROTOKOWICZ ,0,0,0
ROSS GASSMAN,0,0,0
SCOTT UNGER,0,0,0
STEVE PASTOREK,0,0,0
THOMAS GARLAND,0,0,0
TODD EDMUNDS ,0,0,0
TOMMY RODRIGUEZ,0,0,0
TY ROST,0,0,0
WALTER  ALBRO,0,0,0
